Workbook

Sheet Index
A1: Section | B1: Description | C1: Go
A2: Atomic & Molecular Library | B2: Elements, oxidation, reference energies | C2: → Atomic_Molecular_Library
A3: Geometry Inputs | B3: Psi4/Gaussian-style blocks + expected energies | C3: → Geometry_Inputs
A4: Basis & Functional Sweep | B4: Compare basis sets and functionals | C4: → Basis_Functional_Sweep
A5: Bond Scan / PES | B5: R vs Energy with derivatives | C5: → Bond_Scan_PES
A6: Composition Matrix | B6: Alloys, phases, target properties | C6: → Composition_Matrix
A7: Vibrational / IR | B7: Frequencies, intensities, assignments | C7: → Vibrational_IR
A8: Property Dashboard | B8: Auto charts from data tables | C8: → Property_Dashboard
A9: Quantum Linkage | B9: Map chemistry results to quantum params | C9: → Quantum_Linkage
A10: Instructor / Validation | B10: Auto-checks and tolerances | C10: → Instructor_Validation
A11: About | B11: Generated 2025-10-18 00:41

Sheet Atomic_Molecular_Library
A1: Element | B1: Symbol | C1: Z | D1: Common Ox. States | E1: Role | F1: Ref Energy (Hartree) | G1: Notes
A2: Germanium | B2: Ge | C2: 32 | D2: +4 | E2: Phase-change core | F2: -2075.367 | G2: Baseline DFT ref
A3: Gallium | B3: Ga | C3: 31 | D3: +3 | E3: doping/alloy | F3: -2563.456
A4: Antimony | B4: Sb | C4: 51 | D4: +3,+5 | E4: Alloy stabilizer | F4: -6485.112
A5: Tellurium | B5: Te | C5: 52 | D5: -2,+4,+6 | E5: Thermal conductor | F5: -6612.223
A6: Selenium | B6: Se | C6: 34 | D6: -2,+4,+6 | E6: Chalcogen | F6: -2394.151
A7: Aluminum | B7: Al | C7: 13 | D7: +3 | E7: Contact/seed | F7: -241.985
A8: Niobium | B8: Nb | C8: 41 | D8: +3,+5 | E8: Superconducting dopant | F8: -3756.123
A9: Nitrogen | B9: N | C9: 7 | D9: -3,+5 | E9: Anion/ligand | F9: -54.589
A10: Tin | B10: Sn | C10: 50 | D10: +2,+4 | E10: Alloy modifier | F10: -6066.702
A11: Titanium | B11: Ti | C11: 22 | D11: +2,+4 | E11: Adhesion/oxide | F11: -848.401

Sheet Geometry_Inputs
A1: Molecule | B1: Input Template (Psi4) | C1: Method | D1: Basis | E1: Expected E (Hartree) | F1: User Result | G1: ΔE | H1: ✅ | I1: Comment
A2: He | B2: molecule { He } | C2: scf | D2: sto-3g | E2: -2.8079 | G2: =IF(F2<>"",F2-E2,"") | H2: =IF(AND(ISNUMBER(G2),ABS(G2)<0.001),"PASS","CHECK") | I2: Baseline
A3: H2 | B3: molecule { H H 1 0.74 } | C3: hf | D3: 6-31g* | E3: -1.1310 | G3: =IF(F3<>"",F3-E3,"") | H3: =IF(AND(ISNUMBER(G3),ABS(G3)<0.003),"PASS","CHECK") | I3: Equilibrium ~0.74 Å
A4: H2O | B4: molecule { 0 1 O H 1 0.96 H 1 0.96 2 104.5 } | C4: b3lyp | D4: 6-31g* | E4: -76.3 | G4: =IF(F4<>"",F4-E4,"") | H4: =IF(AND(ISNUMBER(G4),ABS(G4)<0.05),"PASS","CHECK") | I4: Approx ref
A5: GeSbTe | B5: molecule { Ge Sb 1 2.80 Te 1 2.80 2 120.0 } | C5: pbe | D5: def2-svp | E5: -11324.5 | G5: =IF(F5<>"",F5-E5,"") | H5: =IF(AND(ISNUMBER(G5),ABS(G5)<5.0),"PASS","CHECK") | I5: Alloy mock ref

Sheet Basis_Functional_Sweep
A1: Molecule | B1: Basis | C1: Functional | D1: E_total | E1: ΔE vs Ref | F1: Notes
A2: H2 | B2: sto-3g | C2: hf | D2: -1.117 | E2: =D2 - (-1.131) | F2: Coarse
A3: H2 | B3: 6-31g* | C3: hf | D3: -1.131 | E3: =D3 - (-1.131) | F3: Reference
A4: H2 | B4: 6-311++g** | C4: b3lyp | D4: -1.164 | E4: =D4 - (-1.131) | F4: More correlation
A5: H2O | B5: 6-31g* | C5: b3lyp | D5: -76.35 | E5: =D5 - (-76.30)
A6: H2O | B6: def2-svp | C6: pbe | D6: -76.20 | E6: =D6 - (-76.30)

Sheet Bond_Scan_PES
A1: Molecule | B1: R (Å) | C1: Energy (Hartree) | D1: ΔE | E1: dE/dR (finite diff) | F1: Comment
A2: H2 | B2: 0.6 | C2: -1.05 | F2: too short
A3: H2 | B3: 0.7 | C3: -1.12 | D3: =C3-$C$3 | E3: =IF(ROW()=3,"",(C3-OFFSET(C3,-1,0))/(B3-OFFSET(B3,-1,0)))
A4: H2 | B4: 0.74 | C4: -1.131 | D4: =C4-$C$3 | E4: =IF(ROW()=4,"",(C4-OFFSET(C4,-1,0))/(B4-OFFSET(B4,-1,0))) | F4: equilibrium
A5: H2 | B5: 0.8 | C5: -1.125 | D5: =C5-$C$3 | E5: =IF(ROW()=5,"",(C5-OFFSET(C5,-1,0))/(B5-OFFSET(B5,-1,0))) | F5: stretched
A6: H2 | B6: 0.9 | C6: -1.12 | D6: =C6-$C$3 | E6: =IF(ROW()=6,"",(C6-OFFSET(C6,-1,0))/(B6-OFFSET(B6,-1,0))) | F6: more stretched

Sheet Composition_Matrix
A1: Material | B1: Ge% | C1: Ga% | D1: Sb% | E1: Te% | F1: Se% | G1: Al% | H1: Nb% | I1: N% | J1: Sn% | K1: Ti% | L1: Phase | M1: Target Property | N1: Measured | O1: Δ | P1: ✅ | Q1: Notes
A2: GST-225 | B2: 22 | C2: 0 | D2: 22 | E2: 56 | F2: 0 | G2: 0 | H2: 0 | I2: 0 | J2: 0 | K2: 0 | L2: Amorphous | M2: Eg=0.5 eV | P2: =IF(ABS(SUM(B2:K2)-100)<1e-6,"OK: 100%","CHECK SUM") | Q2: Classic GST ratio
A3: Nb:GST | B3: 20 | C3: 0 | D3: 22 | E3: 55 | F3: 0 | G3: 0 | H3: 3 | I3: 0 | J3: 0 | K3: 0 | L3: Crystalline | M3: ρ=1E-3 Ω·cm | P3: =IF(ABS(SUM(B3:K3)-100)<1e-6,"OK: 100%","CHECK SUM")
A4: GeSbSe | B4: 33 | C4: 0 | D4: 33 | E4: 0 | F4: 34 | G4: 0 | H4: 0 | I4: 0 | J4: 0 | K4: 0 | L4: Exploratory | M4: D* ≥ 1E12 | P4: =IF(ABS(SUM(B4:K4)-100)<1e-6,"OK: 100%","CHECK SUM")
A5: TiN capping | B5: 0 | C5: 0 | D5: 0 | E5: 0 | F5: 0 | G5: 0 | H5: 0 | I5: 50 | J5: 0 | K5: 50 | L5: Protective | M5: Adhesion pass | P5: =IF(ABS(SUM(B5:K5)-100)<1e-6,"OK: 100%","CHECK SUM")

Sheet Vibrational_IR
A1: Molecule | B1: Mode | C1: Frequency (cm^-1) | D1: Intensity (arb) | E1: Assignment | F1: Comment
A2: GeTe | B2: 1 | C2: 180 | D2: 0.6 | E2: Ge–Te stretch
A3: GeTe | B3: 2 | C3: 260 | D3: 0.8 | E3: Te bending
A4: Sb2Te3 | B4: 1 | C4: 120 | D4: 0.4 | E4: Sb–Te lattice
A5: H2O | B5: 1 | C5: 3657 | D5: 1 | E5: O–H stretch | F5: symmetric
A6: H2O | B6: 2 | C6: 1595 | D6: 0.7 | E6: H–O–H bend

Sheet Property_Dashboard
A1: Metric | B1: Value | C1: Notes
A2: H2 E_min (from PES) | B2: =MIN(Bond_Scan_PES!C2:C6) | C2: Hartree
A3: R at E_min | B3: =INDEX(Bond_Scan_PES!B2:B6, MATCH(MIN(Bond_Scan_PES!C2:C6), Bond_Scan_PES!C2:C6,0)) | C3: Å
A4: GST-225 sum % | B4: =SUM(Composition_Matrix!B2:K2) | C4: Should be 100
A5: Nb:GST sum % | B5: =SUM(Composition_Matrix!B3:K3) | C5: Should be 100

Sheet Quantum_Linkage
A1: Molecule/Material | B1: Chem Property | C1: Mapped Parameter | D1: Example Circuit / Usage | E1: Notes
A2: H2 | B2: E_ref = -1.131 Hartree | C2: θ = 0.23*PI | D2: Circuit().ry(0, θ).cnot(0,1) | E2: Phase proportional to ΔE
A3: He | B3: E_ref = -2.808 Hartree | C3: θ = 0.10*PI | D3: Circuit().ry(0, θ) | E3: Calibration
A4: GST-225 | B4: Bandgap Eg = 0.5 eV | C4: shots = 1000; depth=2 | D4: VQE-style ansatz | E4: Use energy as loss target

Sheet Instructor_Validation
A1: Sheet | B1: RowRef | C1: Check Type | D1: Expected | E1: User Value Cell | F1: Tolerance | G1: Auto Result
A2: Geometry_Inputs | B2: 2 | C2: ABS_DIFF | D2: -2.8079 | E2: Geometry_Inputs!F2 | F2: 0.001 | G2: =IF(AND(ISNUMBER(Geometry_Inputs!F2),ABS(Geometry_Inputs!F2-(-2.8079))<=0.001),"PASS","CHECK")
A3: Geometry_Inputs | B3: 3 | C3: ABS_DIFF | D3: -1.1310 | E3: Geometry_Inputs!F3 | F3: 0.003 | G3: =IF(AND(ISNUMBER(Geometry_Inputs!F3),ABS(Geometry_Inputs!F3-(-1.1310))<=0.003),"PASS","CHECK")
