Workbook

Sheet Index
A1: Section | B1: Description | C1: Go
A2: Electronic Properties | B2: Bandgap, DOS, mobility, Tc, linked to Composition | C2: → Electronic
A3: Vibrational Properties | B3: IR/Raman modes linked to Vibrational_IR | C3: → Vibrational
A4: Mechanical Properties | B4: ΔH proxy, elastic placeholders linked to PES | C4: → Mechanical
A5: Optical Properties | B5: n,k,R placeholders linked to Dashboard | C5: → Optical
A6: Dashboard | B6: Correlations and quick KPIs | C6: → Dashboard
A7: LinkMap (hidden) | B7: All external links and targets | C7: → LinkMap
A9: Refresh Sync | B9: Use the provided VBA macro (RefreshAllLinks.bas). In Excel: Developer → Visual Basic → Import File → select .bas. Insert a button and assign macro 'RefreshAllLinks'.

Sheet Electronic
A1: Material | B1: Method | C1: Basis | D1: Eg Target (from Source) | E1: Linked Target Cell | F1: User Eg (eV) | G1: ΔEg | H1: Tc (K) | I1: Notes
A2: GST-225 | B2: DFT-PBE | C2: def2-SVP | D2: ='[Q-SMEC_Chemistry_Workbook.xlsx]Composition_Matrix'!M2 | E2: '[Q-SMEC_Chemistry_Workbook.xlsx]Composition_Matrix'!M2 | G2: =IF(F2<>"",F2-0.55,"") | I2: Target string like Eg=0.5 eV; enter numeric in User Eg
A3: Nb:GST | B3: B3LYP | C3: 6-31G* | D3: ='[Q-SMEC_Chemistry_Workbook.xlsx]Composition_Matrix'!M3 | E3: '[Q-SMEC_Chemistry_Workbook.xlsx]Composition_Matrix'!M3 | G3: =IF(F3<>"",F3-0.5,"")
A4: GeSbSe | B4: TD-DFT | C4: def2-SVP | D4: ='[Q-SMEC_Chemistry_Workbook.xlsx]Composition_Matrix'!M4 | E4: '[Q-SMEC_Chemistry_Workbook.xlsx]Composition_Matrix'!M4

Sheet Vibrational
A1: Material/Molecule | B1: Mode | C1: Frequency (cm^-1) | D1: Intensity | E1: Assignment | F1: Linked Source Row
A2: GeTe | B2: 1 | C2: ='[Q-SMEC_Chemistry_Workbook.xlsx]Vibrational_IR'!C2 | D2: ='[Q-SMEC_Chemistry_Workbook.xlsx]Vibrational_IR'!D2 | E2: ='[Q-SMEC_Chemistry_Workbook.xlsx]Vibrational_IR'!E2 | F2: 2
A3: GeTe | B3: 2 | C3: ='[Q-SMEC_Chemistry_Workbook.xlsx]Vibrational_IR'!C3 | D3: ='[Q-SMEC_Chemistry_Workbook.xlsx]Vibrational_IR'!D3 | E3: ='[Q-SMEC_Chemistry_Workbook.xlsx]Vibrational_IR'!E3 | F3: 3
A4: Sb2Te3 | B4: 1 | C4: ='[Q-SMEC_Chemistry_Workbook.xlsx]Vibrational_IR'!C4 | D4: ='[Q-SMEC_Chemistry_Workbook.xlsx]Vibrational_IR'!D4 | E4: ='[Q-SMEC_Chemistry_Workbook.xlsx]Vibrational_IR'!E4 | F4: 4
A5: H2O | B5: 1 | C5: ='[Q-SMEC_Chemistry_Workbook.xlsx]Vibrational_IR'!C5 | D5: ='[Q-SMEC_Chemistry_Workbook.xlsx]Vibrational_IR'!D5 | E5: ='[Q-SMEC_Chemistry_Workbook.xlsx]Vibrational_IR'!E5 | F5: 5
A6: H2O | B6: 2 | C6: ='[Q-SMEC_Chemistry_Workbook.xlsx]Vibrational_IR'!C6 | D6: ='[Q-SMEC_Chemistry_Workbook.xlsx]Vibrational_IR'!D6 | E6: ='[Q-SMEC_Chemistry_Workbook.xlsx]Vibrational_IR'!E6 | F6: 6

Sheet Mechanical
A1: Material | B1: Phase | C1: ΔH Proxy (Hartree) | D1: Linked E_min (Hartree) | E1: R at E_min (Å) | F1: Elastic Modulus (GPa) | G1: Hardness (GPa) | H1: Notes
A2: GST-225 | B2: Amorphous | D2: ='[Q-SMEC_Chemistry_Workbook.xlsx]Property_Dashboard'!B2 | E2: ='[Q-SMEC_Chemistry_Workbook.xlsx]Property_Dashboard'!B3 | H2: ΔH proxy derived from PES min; convert to eV if desired
A3: Nb:GST | B3: Crystalline | D3: ='[Q-SMEC_Chemistry_Workbook.xlsx]Property_Dashboard'!B2 | E3: ='[Q-SMEC_Chemistry_Workbook.xlsx]Property_Dashboard'!B3

Sheet Optical
A1: Material | B1: Method | C1: n (refractive) | D1: k (extinction) | E1: R (%) | F1: Eg (from Electronic) | G1: R formula | H1: Notes
A2: GST-225 | B2: TD-DFT | F2: ='Electronic'!F2 | G2: =IF(AND(C2<>"",D2<>""), ((C2-1)^2 + (D2^2))/((C2+1)^2 + (D2^2))*100, "" ) | H2: Enter n,k to compute R; Eg pulled from Electronic
A3: GeSbSe | B3: TD-DFT | F3: ='Electronic'!F4 | G3: =IF(AND(C3<>"",D3<>""), ((C3-1)^2 + (D3^2))/((C3+1)^2 + (D3^2))*100, "" )

Sheet Dashboard
A1: KPI | B1: Value | C1: Notes
A2: Eg GST-225 (eV) | B2: ='Electronic'!F2 | C2: User-entered or parsed numeric
A3: ΔEg vs 0.55 (eV) | B3: ='Electronic'!G2 | C3: Tolerance ±0.05
A4: PES E_min (Hartree) | B4: ='[Q-SMEC_Chemistry_Workbook.xlsx]Property_Dashboard'!B2 | C4: linked
A5: R at E_min (Å) | B5: ='[Q-SMEC_Chemistry_Workbook.xlsx]Property_Dashboard'!B3 | C5: linked
A6: Optical R% for GST-225 | B6: ='Optical'!E2 | C6: computed from n,k

Sheet LinkMap
A1: TargetSheet | B1: TargetCell | C1: SourceWorkbook | D1: SourceSheet | E1: SourceCell | F1: Description
A2: Electronic | B2: D2 | C2: Q-SMEC_Chemistry_Workbook.xlsx | D2: Composition_Matrix | E2: M2 | F2: Target property text (Eg=...)
A3: Electronic | B3: D3 | C3: Q-SMEC_Chemistry_Workbook.xlsx | D3: Composition_Matrix | E3: M3 | F3: Target property text
A4: Electronic | B4: D4 | C4: Q-SMEC_Chemistry_Workbook.xlsx | D4: Composition_Matrix | E4: M4 | F4: Target property text
A5: Vibrational | B5: C2 | C5: Q-SMEC_Chemistry_Workbook.xlsx | D5: Vibrational_IR | E5: C2 | F5: Frequency link
A6: Vibrational | B6: D2 | C6: Q-SMEC_Chemistry_Workbook.xlsx | D6: Vibrational_IR | E6: D2 | F6: Intensity link
A7: Vibrational | B7: E2 | C7: Q-SMEC_Chemistry_Workbook.xlsx | D7: Vibrational_IR | E7: E2 | F7: Assignment link
A8: Mechanical | B8: D2 | C8: Q-SMEC_Chemistry_Workbook.xlsx | D8: Property_Dashboard | E8: B2 | F8: E_min link
A9: Mechanical | B9: E2 | C9: Q-SMEC_Chemistry_Workbook.xlsx | D9: Property_Dashboard | E9: B3 | F9: R at E_min link
A10: Dashboard | B10: B4 | C10: Q-SMEC_Chemistry_Workbook.xlsx | D10: Property_Dashboard | E10: B2 | F10: Summary E_min
A11: Dashboard | B11: B5 | C11: Q-SMEC_Chemistry_Workbook.xlsx | D11: Property_Dashboard | E11: B3 | F11: Summary R at E_min
